{"cameraMode":{"drawMode":0,"name":"Shaded","section":"Shading Mode"},"sceneLighting":true,"audioPlay":false,"sceneViewState":{"m_AlwaysRefresh":false,"showFog":true,"showSkybox":true,"showFlares":true,"showImageEffects":true,"showParticleSystems":true,"showVisualEffectGraphs":true,"m_FxEnabled":true},"in2DMode":false,"pivot":{"x":0.842165470123291,"y":-1.2292003631591797,"z":1.6043128967285157},"rotation":{"x":0.09593035280704498,"y":0.06893498450517655,"z":-0.0066591245122253899,"w":0.9929823279380798},"size":7.660314559936523,"orthographic":false}